ID,Frequency,InstlmentMode,LoanStatus,PaymentMode,BranchID,Area,Tenure,AssetCost,AmountFinance,DisbursalAmount,EMI,DisbursalDate,MaturityDAte,AuthDate,AssetID,ManufacturerID,SupplierID,LTV,SEX,AGE,MonthlyIncome,City,State,ZiPCODE,Top-up Month
825,Quatrly,Arrear,Closed,PDC_E,38,NELLORE,36,630980,480000,480000,52840,31-12-2012,05-01-2016,31-12-2012,8396244,1060,67904,67.7,M,37,33333.33,CUDDAPAH,ANDHRA PRADESH,516309, > 48 Months
827,Quatrly,Arrear,Closed,ECS,38,NELLORE,36,575000,297000,297000,32546,01-06-2013,05-06-2016,01-06-2013,10835996,1568,72532,45.99,M,49,33333.33,CUDDAPAH,ANDHRA PRADESH,516360,No Top-up Service
828,Quatrly,Arrear,Closed,ECS,38,NELLORE,36,607700,401457,401457,43090,26-06-2013,05-07-2016,26-06-2013,11219854,1046,29587,58.97,F,26,16666.67,CUDDAPAH,ANDHRA PRADESH,516001,No Top-up Service
829,Quatrly,Arrear,Closed,Billed,38,NELLORE,36,601500,480000,480000,53680,21-08-2013,10-08-2016,21-08-2013,12181752,1046,29587,70.88,M,28,25000,CUDDAPAH,ANDHRA PRADESH,516127,No Top-up Service
830,Monthly,Arrear,Closed,PDC,38,NELLORE,24,565500,402037,402037,16755,31-08-2013,05-09-2015,31-08-2013,12379334,1046,29587,71.09,F,43,16666.67,CUDDAPAH,ANDHRA PRADESH,516101,No Top-up Service
831,Quatrly,Arrear,Closed,ECS,38,NELLORE,48,600000,485526,485526,43719,04-02-2016,05-02-2020,04-02-2016,18918031,1046,29587,73.63,M,45,25000,CUDDAPAH,ANDHRA PRADESH,516152,No Top-up Service
832,Quatrly,Arrear,Closed,Direct Debit,38,NELLORE,36,600000,461974,461974,50954,13-04-2016,10-04-2019,13-04-2016,19825836,1046,29587,77,M,35,25000,CUDDAPAH,ANDHRA PRADESH,516126,No Top-up Service
837,Half Yearly,Arrear,Closed,PDC,40,HYDERABAD BEGUMPET,234,500000,350000,350000,61690,31-03-2012,15-12-2015,31-03-2012,4666998,1060,23549,70,M,48,14416.67,HYDERABAD,ANDHRA PRADESH,500088,No Top-up Service
838,Quatrly,Arrear,Closed,Billed,41,KARIMNAGAR,48,477742,340000,340000,31705,09-03-2010,20-02-2014,09-03-2010,454617,1187,89813,64.53,M,32,47083.33,,ANDHRA PRADESH,505001, > 48 Months
839,Quatrly,Arrear,Closed,Billed,41,KARIMNAGAR,36,643687,450000,450000,51845,28-05-2010,20-05-2013,31-05-2010,507239,1187,89813,61.86,M,41,25916.67,,ANDHRA PRADESH,505530,No Top-up Service
840,Monthly,Arrear,Closed,PDC,41,KARIMNAGAR,36,468651,340000,340000,12775,31-05-2010,20-05-2013,04-06-2010,510612,1187,89813,69.82,M,23,15000,,ANDHRA PRADESH,505001,No Top-up Service
841,Monthly,Arrear,Closed,Billed,41,KARIMNAGAR,48,575409,404681,404681,38000,31-12-2011,10-12-2015,31-12-2011,3562676,1187,89813,70.33,M,37,25000,KARIMNAGAR,ANDHRA PRADESH,505445,No Top-up Service
842,Monthly,Arrear,Closed,PDC_E,41,KARIMNAGAR,24,774559,550000,550000,27750,28-06-2012,05-07-2014,28-06-2012,5777037,1187,89813,67.43,,,,KARIMNAGAR,ANDHRA PRADESH,505001,18-24 Months
849,Quatrly,Arrear,Closed,ECS,46,MIRYALGUDA,36,515000,340000,340000,37650,04-08-2014,05-08-2017,05-08-2014,13954533,1060,23549,58.71,M,44,8333.33,NALGONDA,ANDHRA PRADESH,508001,No Top-up Service
850,Quatrly,Arrear,Closed,PDC,46,MIRYALGUDA,48,790000,582717,582717,50000,30-06-2015,10-06-2019,30-06-2015,16165779,1187,23740,73.76,M,28,29166.67,NALGONDA,ANDHRA PRADESH,508255, > 48 Months
851,Quatrly,Arrear,Closed,Billed,47,NELLORE,36,406275,275000,275000,30830,25-02-2010,20-02-2013,25-02-2010,443662,1046,20060,60.1,M,50,22500,,ANDHRA PRADESH,524004,No Top-up Service
852,Quatrly,Arrear,Closed,Billed,47,NELLORE,36,1360000,700000,700000,79550,25-02-2010,20-01-2013,26-02-2010,444005,1187,23667,45.62,M,59,50875,,ANDHRA PRADESH,524421, > 48 Months
853,Quatrly,Arrear,Closed,Billed,47,NELLORE,36,1360000,800000,800000,90870,09-03-2010,10-02-2013,09-03-2010,454970,1187,23667,52.14,M,45,73187.5,,ANDHRA PRADESH,524134,No Top-up Service
854,Quatrly,Arrear,Closed,Billed,47,NELLORE,36,1360000,800000,800000,90870,25-03-2010,05-03-2013,25-03-2010,469485,1187,23667,52.14,M,40,82000,,ANDHRA PRADESH,524305,No Top-up Service
855,Quatrly,Arrear,Closed,Billed,47,NELLORE,36,1360000,800000,800000,90870,26-03-2010,05-03-2013,26-03-2010,470064,1187,23667,52.14,M,26,64666.67,,ANDHRA PRADESH,524201, > 48 Months
856,Quatrly,Arrear,Closed,Billed,47,NELLORE,36,442500,250000,250000,28000,20-12-2010,15-12-2013,24-12-2010,955953,1062,27328,50.17,M,33,13616.67,,ANDHRA PRADESH,524101,No Top-up Service
857,Monthly,Arrear,Closed,PDC,47,NELLORE,36,600409,400000,400000,42800,10-01-2012,15-01-2015,10-01-2012,3657282,1187,23667,66.62,M,48,85666.67,NELLORE,ANDHRA PRADESH,524126, > 48 Months
858,Monthly,Arrear,Closed,PDC,340,NELLORE,36,557400,350000,350000,38850,14-02-2012,15-02-2015,14-02-2012,4070725,1062,30977,62.79,M,40,41479.17,CHITTOOR,ANDHRA PRADESH,517619,No Top-up Service
859,Quatrly,Arrear,Closed,ECS Reject,340,NELLORE,36,547400,421402,421402,47300,25-03-2014,10-03-2017,25-03-2014,13445669,1062,30977,76.98,M,22,47916.67,CHITTOOR,ANDHRA PRADESH,517642,No Top-up Service
860,Quatrly,Arrear,Closed,Billed,48,NIZAMABAD,48,525000,350000,350000,31940,30-09-2010,15-09-2014,08-10-2010,657463,1062,25475,60.58,M,33,38750,,ANDHRA PRADESH,504001,No Top-up Service
861,Half Yearly,Arrear,Closed,PDC,48,NIZAMABAD,36,600000,400000,400000,88700,19-02-2013,10-01-2016,19-02-2013,9107043,1046,21305,51.88,F,24,16666.67,NIZAMABAD,ANDHRA PRADESH,503003,No Top-up Service
868,Quatrly,Arrear,Closed,Billed,53,VIJAYAWADA,36,580000,450000,450000,51560,26-02-2010,21-02-2013,26-02-2010,445535,1187,23806,68.7,M,22,42333.33,KRISHNA,ANDHRA PRADESH,521185,No Top-up Service
869,Quatrly,Arrear,Closed,Billed,53,VIJAYAWADA,36,600000,400000,400000,46085,26-02-2010,18-02-2013,26-02-2010,445435,1187,23806,58.99,M,62,35250,,ANDHRA PRADESH,521402, > 48 Months
870,Monthly,Arrear,Closed,Billed,53,VIJAYAWADA,29,870000,590000,590000,26700,07-06-2010,19-10-2012,09-06-2010,513299,1187,23806,64.75,M,26,94166.67,,ANDHRA PRADESH,521228,No Top-up Service
871,Quatrly,Arrear,Closed,Billed,53,VIJAYAWADA,24,600000,250000,250000,38594,28-12-2010,05-01-2013,28-12-2010,1010298,1187,23806,35.23,M,24,12500,,ANDHRA PRADESH,520001,No Top-up Service
872,Quatrly,Arrear,Closed,Billed,53,VIJAYAWADA,33,450000,290000,290000,61200,31-01-2011,15-10-2013,31-01-2011,1126513,1046,22863,64.44,M,39,25000,,ANDHRA PRADESH,520001,No Top-up Service
873,Half Yearly,Arrear,Closed,Billed,53,VIJAYAWADA,24,520000,250000,250000,78750,28-02-2011,05-03-2013,28-02-2011,1185415,1186,28810,32.93,M,54,208333.33,,ANDHRA PRADESH,521110,No Top-up Service
874,Monthly,Advance,Closed,Billed,53,VIJAYAWADA,30,655000,500000,500000,20404,23-10-2011,15-03-2014,23-10-2011,2809051,1187,21559,73.22,M,43,29166.67,WEST GODAVARI,ANDHRA PRADESH,534447,No Top-up Service
875,Monthly,Arrear,Closed,Billed,53,VIJAYAWADA,36,662500,550000,550000,61508,24-10-2011,15-10-2014,24-10-2011,2821490,1187,21559,83.02,F,41,25000,WEST GODAVARI,ANDHRA PRADESH,534318,No Top-up Service
876,Monthly,Arrear,Closed,Direct Debit,54,VISHAKHAPATNAM,24,995000,718000,718000,35411,31-07-2018,05-08-2020,31-07-2018,30616419,1187,25945,72.16,,,,VISAKHAPATNAM,ANDHRA PRADESH,530002,No Top-up Service
877,Monthly,Arrear,Closed,Billed,54,VISHAKHAPATNAM,35,471000,300000,300000,11530,22-03-2010,10-02-2013,22-03-2010,466059,1046,22487,61.25,M,39,35250,,ANDHRA PRADESH,530001,No Top-up Service
878,Quatrly,Arrear,Closed,Billed,54,VISHAKHAPATNAM,36,440000,315000,315000,35310,28-08-2010,15-08-2013,30-08-2010,575348,1186,23429,63.57,M,42,25000,,ANDHRA PRADESH,532404,No Top-up Service
879,Quatrly,Arrear,Closed,PDC,54,VISHAKHAPATNAM,24,638503,300000,300000,46125,15-09-2010,05-09-2012,17-09-2010,607589,1187,25945,39.76,M,46,37916.67,,ANDHRA PRADESH,531126,No Top-up Service
880,Quatrly,Arrear,Closed,Billed,54,VISHAKHAPATNAM,36,504000,250000,250000,27708,26-10-2010,01-11-2013,28-10-2010,731246,1046,22487,44.11,M,36,16666.67,,ANDHRA PRADESH,531036,No Top-up Service
881,Quatrly,Arrear,Closed,Billed,54,VISHAKHAPATNAM,36,504000,270000,270000,29925,25-11-2010,15-11-2013,29-11-2010,836431,1046,22487,47.63,M,32,20833.33,,ANDHRA PRADESH,530001, > 48 Months
882,Quatrly,Arrear,Closed,Billed,54,VISHAKHAPATNAM,36,480000,252133,252133,27945,24-12-2010,01-12-2013,27-12-2010,991110,1046,21515,46.71,M,32,22500,,ANDHRA PRADESH,530001, > 48 Months
883,Quatrly,Arrear,Closed,Billed,54,VISHAKHAPATNAM,48,480000,373053,373053,33574,31-12-2010,05-01-2015,31-12-2010,1008521,1046,21515,70.72,M,31,22500,,ANDHRA PRADESH,530001,No Top-up Service
884,Monthly,Arrear,Closed,Billed,54,VISHAKHAPATNAM,36,480000,353965,353965,13080,28-01-2011,05-02-2014,28-01-2011,1119549,1046,21713,71.02,M,41,20000,,ANDHRA PRADESH,530001,No Top-up Service
885,Monthly,Arrear,Closed,Billed,54,VISHAKHAPATNAM,36,504000,250000,250000,8820,26-02-2011,01-03-2014,26-02-2011,1178369,1046,22487,47.85,M,30,30000,,ANDHRA PRADESH,531023,No Top-up Service
886,Quatrly,Arrear,Closed,PDC,54,VISHAKHAPATNAM,36,498000,300000,300000,32125,01-03-2011,05-03-2014,01-03-2011,1199856,1046,22487,53.79,M,29,30000,,ANDHRA PRADESH,531025, > 48 Months
887,Monthly,Arrear,Closed,Billed,54,VISHAKHAPATNAM,24,625000,252434,252434,12464,27-03-2011,15-03-2013,27-03-2011,1280128,1187,30863,38.4,M,40,20000,,ANDHRA PRADESH,535547, > 48 Months
888,Quatrly,Arrear,Closed,Billed,54,VISHAKHAPATNAM,36,430000,332569,332569,37275,31-03-2011,01-04-2014,31-03-2011,1310746,1062,21927,68.67,M,33,20000,,ANDHRA PRADESH,535522,No Top-up Service
889,Monthly,Arrear,Closed,Billed,54,VISHAKHAPATNAM,12,681000,100000,100000,8958,23-04-2011,15-04-2012,23-04-2011,1397435,1187,25945,13.37,M,18,30000,,ANDHRA PRADESH,531116,No Top-up Service
890,Monthly,Arrear,Closed,Billed,54,VISHAKHAPATNAM,36,509650,250000,250000,8819,30-05-2011,01-06-2014,30-05-2011,1591081,1046,22487,47.32,M,27,25000,,ANDHRA PRADESH,531036,No Top-up Service
891,Monthly,Arrear,Closed,PDC,54,VISHAKHAPATNAM,36,509650,325000,325000,34721,30-05-2011,01-06-2014,30-05-2011,1591501,1046,22487,63.77,M,28,20000,,ANDHRA PRADESH,531001,No Top-up Service
892,Monthly,Arrear,Closed,Billed,54,VISHAKHAPATNAM,48,512710,350000,350000,29750,29-06-2011,05-07-2015,29-06-2011,1777540,1046,22487,68.26,M,27,9500,VISAKHAPATNAM,ANDHRA PRADESH,531027, > 48 Months
893,Monthly,Arrear,Closed,Billed,54,VISHAKHAPATNAM,48,518850,350000,350000,29943,12-08-2011,10-08-2015,12-08-2011,2116678,1046,22487,67.46,M,35,13333.33,VISAKHAPATNAM,ANDHRA PRADESH,531115, > 48 Months
894,Monthly,Arrear,Active,PDC_E,54,VISHAKHAPATNAM,36,757000,500000,500000,17972,31-03-2012,01-04-2015,31-03-2012,4681906,1187,25945,63.68,,,,VISAKHAPATNAM,ANDHRA PRADESH,531031,No Top-up Service
895,Quatrly,Arrear,Closed,PDC,54,VISHAKHAPATNAM,48,570000,453735,453735,39780,31-10-2015,05-11-2019,31-10-2015,17662759,1060,24059,72.62,M,42,16666.67,VISAKHAPATNAM,ANDHRA PRADESH,531027,No Top-up Service
896,Monthly,Arrear,Closed,Direct Debit,54,VISHAKHAPATNAM,24,937000,718000,718000,35411,31-07-2018,05-08-2020,31-07-2018,30615565,1187,25945,76.63,,,,VISAKHAPATNAM,ANDHRA PRADESH,530002,No Top-up Service
1155,Monthly,Arrear,Closed,Billed,85,MIRYALGUDA,32,470000,300000,300000,65530,16-05-2011,05-01-2014,16-05-2011,1516055,1060,28291,63.83,M,31,18333.33,,ANDHRA PRADESH,508001,No Top-up Service
1156,Monthly,Arrear,Closed,Billed,85,MIRYALGUDA,45,545000,400000,400000,72500,23-12-2011,15-09-2015,23-12-2011,3457455,1062,58416,73.39,M,21,22466.67,NALGONDA,ANDHRA PRADESH,508233,No Top-up Service
1157,Monthly,Arrear,Closed,Billed,85,MIRYALGUDA,23,478000,250000,250000,12610,08-07-2011,01-06-2013,08-07-2011,1839633,1046,32708,52.3,M,44,20000,KHAMMAM,ANDHRA PRADESH,507002,No Top-up Service
1158,Monthly,Arrear,Closed,PDC,85,MIRYALGUDA,32,510000,303856,303856,66370,28-04-2012,15-12-2014,28-04-2012,4986602,1060,23549,59.58,M,40,11250,NALGONDA,ANDHRA PRADESH,508126,No Top-up Service
1159,Quatrly,Arrear,Closed,Billed,85,MIRYALGUDA,48,610625,450000,450000,41910,23-02-2010,10-02-2014,23-02-2010,441607,1187,23740,66.83,M,53,11200,,ANDHRA PRADESH,508114,No Top-up Service
1160,Quatrly,Arrear,Closed,Billed,85,MIRYALGUDA,36,1330000,800000,800000,89670,15-04-2010,20-03-2013,15-04-2010,487553,1187,23740,53.41,M,38,67583.33,,ANDHRA PRADESH,508201, > 48 Months
1161,Quatrly,Arrear,Closed,Billed,85,MIRYALGUDA,36,626625,400000,400000,44835,30-07-2010,01-07-2013,30-07-2010,551275,1187,23740,56.68,M,39,16666.67,,ANDHRA PRADESH,508001,No Top-up Service
1162,Quatrly,Arrear,Closed,Billed,85,MIRYALGUDA,33,450000,275000,275000,60065,24-09-2010,15-06-2013,30-09-2010,628901,1060,23549,47.76,M,25,16666.67,,ANDHRA PRADESH,508002, > 48 Months
1163,Quatrly,Arrear,Closed,Billed,85,MIRYALGUDA,36,506000,250000,250000,26765,12-01-2011,05-12-2013,12-01-2011,1110684,1187,23740,44.12,M,51,11666.67,,ANDHRA PRADESH,508001,No Top-up Service
1164,Quatrly,Arrear,Closed,Billed,85,MIRYALGUDA,24,1393970,650000,650000,99125,27-01-2011,15-01-2013,27-01-2011,1120281,1187,23740,39.52,M,43,35000,,ANDHRA PRADESH,508001, > 48 Months
1165,Half Yearly,Arrear,Closed,Billed,85,MIRYALGUDA,48,635956,450000,450000,79875,08-02-2011,15-10-2014,08-02-2011,1139477,1046,49107,58.2,M,36,20416.67,,ANDHRA PRADESH,508254,No Top-up Service
1166,Monthly,Arrear,Closed,Billed,85,MIRYALGUDA,24,460000,250000,250000,73625,21-04-2011,15-04-2013,21-04-2011,1388870,1060,23549,54.35,M,48,28750,,ANDHRA PRADESH,508001,No Top-up Service
1167,Quatrly,Arrear,Closed,PDC,85,MIRYALGUDA,48,520000,402037,402037,36002,12-02-2013,05-01-2017,12-02-2013,9007808,1060,23549,70.39,M,32,31026,NALGONDA,ANDHRA PRADESH,508201, > 48 Months
1168,Half Yearly,Arrear,Closed,PDC,46,MIRYALGUDA,180,770000,483214,483214,84565,18-02-2013,05-11-2016,18-02-2013,9099484,1187,23740,62.76,M,37,97166.67,NALGONDA,ANDHRA PRADESH,508001,No Top-up Service
1169,Monthly,Arrear,Closed,ECS,46,MIRYALGUDA,23,812506,650000,650000,33945,14-10-2013,10-09-2015,14-10-2013,12854178,1187,23740,75.82,,,,NALGONDA,ANDHRA PRADESH,508116,No Top-up Service
1170,Quatrly,Arrear,Closed,PDC,46,MIRYALGUDA,48,550000,370000,370000,33518,18-03-2014,10-02-2018,18-03-2014,13419036,1046,23549,61.18,M,38,20833.33,NALGONDA,ANDHRA PRADESH,508001,No Top-up Service
1172,Quatrly,Arrear,Closed,Billed,91,MIRYALGUDA,24,617752,350000,350000,53815,05-03-2010,25-02-2012,05-03-2010,451754,1187,23740,47.95,M,55,58125,,ANDHRA PRADESH,507203,No Top-up Service
1173,Half Yearly,Arrear,Closed,ECS,93,NELLORE,48,560000,433081,433081,76550,16-03-2015,10-03-2019,16-03-2015,15179575,1060,100618,77.34,M,39,48833.33,PRAKASAM,ANDHRA PRADESH,523001,No Top-up Service
1174,Quatrly,Arrear,Closed,Billed,47,NELLORE,36,460000,300000,300000,35315,12-04-2010,10-03-2013,20-04-2010,485007,1187,22171,57.54,M,33,46166.67,,ANDHRA PRADESH,523001,No Top-up Service
1175,Quatrly,Arrear,Closed,Auto Debit,93,NELLORE,48,500000,422123,422123,37500,01-09-2015,10-09-2019,03-09-2015,16899585,1046,28301,84.42,M,33,42500,PRAKASAM,ANDHRA PRADESH,523001,No Top-up Service
1176,Quatrly,Arrear,Closed,ECS Reject,93,NELLORE,36,500000,421451,421451,45600,23-09-2015,10-09-2018,23-09-2015,17117961,1046,28301,84.29,M,25,39166.67,PRAKASAM,ANDHRA PRADESH,523001,No Top-up Service
1177,Quatrly,Arrear,Closed,ECS,93,NELLORE,51,500000,406588,406588,35700,16-04-2016,10-07-2020,16-04-2016,19862895,1046,28301,81.32,M,48,43333.33,PRAKASAM,ANDHRA PRADESH,523211,No Top-up Service
1181,Monthly,Arrear,Closed,Billed,47,NELLORE,36,455875,320000,320000,11890,18-09-2010,15-09-2013,21-09-2010,614786,1046,27845,67.59,M,34,50000,,ANDHRA PRADESH,517520,No Top-up Service
1182,Quatrly,Arrear,Closed,PDC,130,RAJAHMUNDRY,12,503396,100000,100000,28125,10-02-2010,03-02-2011,11-02-2010,429387,1187,24312,14.28,M,44,15000,,ANDHRA PRADESH,533431,No Top-up Service
1183,Half Yearly,Arrear,Closed,Billed,130,RAJAHMUNDRY,48,512000,325000,325000,57200,16-02-2011,05-01-2015,16-02-2011,1153930,1046,22487,52.3,M,46,19166.67,,ANDHRA PRADESH,533449,No Top-up Service
1184,Monthly,Arrear,Closed,Billed,130,RAJAHMUNDRY,36,519412,300000,300000,65975,23-05-2011,15-05-2014,23-05-2011,1555007,1046,22487,57.76,M,60,81500,,ANDHRA PRADESH,533294,No Top-up Service
1185,Quatrly,Arrear,Closed,ECS,130,RAJAHMUNDRY,48,495000,401798,401798,34313,13-10-2016,10-10-2020,13-10-2016,22164333,1187,104121,74.24,M,25,41666.67,EAST GODAVARI,ANDHRA PRADESH,533274,30-36 Months
1188,Quatrly,Arrear,Closed,Billed,133,VIJAYAWADA,36,493000,300000,300000,34375,19-02-2010,12-02-2013,19-02-2010,437413,1187,20890,53.88,M,45,69166.67,,ANDHRA PRADESH,522647,No Top-up Service
1189,Quatrly,Arrear,Closed,Billed,133,VIJAYAWADA,24,443000,250000,250000,38440,21-04-2010,19-04-2012,21-04-2010,491840,1187,20890,47.76,M,26,35833.33,,ANDHRA PRADESH,522436,No Top-up Service
1190,Quatrly,Arrear,Closed,Billed,133,VIJAYAWADA,36,445000,300000,300000,34375,22-04-2010,10-04-2013,22-04-2010,492358,1568,21044,59.69,M,25,45833.33,,ANDHRA PRADESH,522616,No Top-up Service
1191,Quatrly,Arrear,Closed,Billed,133,VIJAYAWADA,36,445000,300000,300000,34375,24-04-2010,24-04-2013,26-04-2010,492377,1568,21044,59.69,M,37,53333.33,,ANDHRA PRADESH,522657,No Top-up Service
1192,Quatrly,Arrear,Closed,Billed,133,VIJAYAWADA,36,450000,300000,300000,34375,30-04-2010,26-04-2013,30-04-2010,495160,1062,27895,59.03,M,30,40000,,ANDHRA PRADESH,522113,No Top-up Service
1193,Monthly,Arrear,Closed,PDC,133,VIJAYAWADA,35,1310560,800000,800000,30060,27-05-2011,01-05-2014,27-05-2011,1578511,1187,20890,61.04,M,45,76833.33,,ANDHRA PRADESH,,No Top-up Service
1194,Monthly,Advance,Closed,PDC_E,133,VIJAYAWADA,36,675000,500000,500000,18056,15-09-2011,05-08-2014,15-09-2011,2440589,1187,20890,71.4,,,,GUNTUR,ANDHRA PRADESH,522007,No Top-up Service
1195,Half Yearly,Arrear,Closed,Billed,137,KARIMNAGAR,36,516993,350000,350000,81970,31-05-2010,11-05-2013,31-05-2010,510253,1187,89813,51.84,M,34,13916.67,,ANDHRA PRADESH,506391,No Top-up Service
1196,Quatrly,Arrear,Closed,Billed,137,KARIMNAGAR,36,516993,350000,350000,40325,12-06-2010,20-05-2013,14-06-2010,516526,1187,89813,59.9,M,26,19500,,ANDHRA PRADESH,506164,No Top-up Service
1197,Half Yearly,Arrear,Closed,Billed,137,KARIMNAGAR,24,521445,225000,225000,69750,16-08-2010,10-06-2012,16-08-2010,562915,1187,89813,29.77,M,26,27333.33,,ANDHRA PRADESH,506201,No Top-up Service
1803,Quatrly,Arrear,Closed,Billed,193,NIZAMABAD,36,525000,350000,350000,40980,18-02-2010,10-02-2013,19-02-2010,436942,1060,29200,58.86,M,45,19166.67,,ANDHRA PRADESH,500050,No Top-up Service
22234,Quatrly,Arrear,Closed,ECS,38,NELLORE,36,588000,351704,351704,37635,29-03-2015,05-04-2018,29-03-2015,15267052,1046,29587,59.81,M,37,41666.67,CUDDAPAH,ANDHRA PRADESH,516268,No Top-up Service
22235,Quatrly,Arrear,Closed,PDC,38,NELLORE,18,600000,200541,200541,37641,01-04-2015,10-08-2016,01-04-2015,15340923,1046,29587,27.15,M,32,41666.67,CUDDAPAH,ANDHRA PRADESH,516329, > 48 Months
22236,Quatrly,Arrear,Closed,PDC,38,NELLORE,30,600000,385000,385000,47406,24-04-2015,10-10-2017,25-04-2015,15481410,1046,29587,64.17,M,58,33333.33,CUDDAPAH,ANDHRA PRADESH,516269,30-36 Months
22237,Quatrly,Arrear,Closed,Billed,38,NELLORE,36,629000,509247,509247,56200,25-04-2015,10-04-2018,25-04-2015,15487297,1046,29587,72.03,M,53,41666.67,CUDDAPAH,ANDHRA PRADESH,516218,No Top-up Service
22238,Half Yearly,Arrear,Closed,PDC,38,NELLORE,24,650000,250999,250999,72859,30-04-2015,05-02-2017,30-04-2015,15544758,1046,29587,38.62,M,40,33333.33,CUDDAPAH,ANDHRA PRADESH,516359, > 48 Months
22239,Quatrly,Arrear,Closed,Auto Debit,38,NELLORE,24,600000,330830,330830,48316,16-10-2015,10-09-2017,16-10-2015,17434293,1046,29587,55.14,M,25,25000,CUDDAPAH,ANDHRA PRADESH,516259,No Top-up Service
22240,Half Yearly,Arrear,Closed,PDC,38,NELLORE,36,554000,301027,301027,63948,19-10-2015,10-09-2018,19-10-2015,17474435,1046,29587,54.34,M,24,20833.33,CUDDAPAH,ANDHRA PRADESH,516309,No Top-up Service
22241,Monthly,Arrear,Closed,Billed,38,NELLORE,48,669000,500000,500000,14789,19-10-2015,10-10-2019,19-10-2015,17474329,1046,29587,74.74,F,50,33333.33,CUDDAPAH,ANDHRA PRADESH,516329,No Top-up Service
22242,Quatrly,Arrear,Closed,Billed,38,NELLORE,36,700000,470000,470000,50867,19-10-2015,05-09-2018,19-10-2015,17486139,1046,29587,67.14,M,45,25000,CUDDAPAH,ANDHRA PRADESH,516237,No Top-up Service
22243,Quatrly,Arrear,Closed,ECS,38,NELLORE,36,605000,321757,321757,33796,21-11-2015,10-10-2018,21-11-2015,17919220,1046,29587,53.18,M,40,25000,CUDDAPAH,ANDHRA PRADESH,516349,No Top-up Service
22244,Quatrly,Arrear,Closed,Billed,38,NELLORE,48,609000,503098,503098,45190,11-12-2015,10-12-2019,12-12-2015,18194537,1046,29587,82.61,M,37,25000,CUDDAPAH,ANDHRA PRADESH,516269,No Top-up Service
22245,Quatrly,Arrear,Closed,Billed,38,NELLORE,48,664000,513708,513708,46300,16-12-2015,05-12-2019,16-12-2015,18254543,1046,29587,77.37,M,40,41666.67,CUDDAPAH,ANDHRA PRADESH,516257,No Top-up Service
22246,Quatrly,Arrear,Closed,Billed,38,NELLORE,24,680000,501476,501476,76454,18-12-2015,10-12-2017,18-12-2015,18285004,1046,29587,73.75,F,35,25000,CUDDAPAH,ANDHRA PRADESH,516311,36-48 Months
22247,Quatrly,Arrear,Closed,ECS,38,NELLORE,24,609000,350945,350945,52000,21-12-2015,05-12-2017,21-12-2015,18322667,1046,29587,49.09,M,31,41666.67,CUDDAPAH,ANDHRA PRADESH,516504,36-48 Months
22248,Quatrly,Arrear,Active,Billed,38,NELLORE,48,609000,513501,513501,46420,24-12-2015,05-01-2020,24-12-2015,18361395,1046,29587,84.32,M,39,29166.67,CUDDAPAH,ANDHRA PRADESH,516269,36-48 Months
22249,Quatrly,Arrear,Closed,Direct Debit,38,NELLORE,36,620000,451723,451723,49523,27-01-2016,10-01-2019,27-01-2016,18810494,1046,29587,64.87,M,31,29166.67,CUDDAPAH,ANDHRA PRADESH,516310,No Top-up Service
22250,Monthly,Arrear,Closed,ECS,38,NELLORE,24,680000,531400,531400,26438,27-01-2016,10-02-2018,28-01-2016,18815307,1046,29587,78.15,M,27,95383.33,CUDDAPAH,ANDHRA PRADESH,516309,36-48 Months
22251,Quatrly,Arrear,Active,ECS,38,NELLORE,48,650000,504477,504477,44935,28-01-2016,10-01-2020,28-01-2016,18826660,1046,29587,77.61,F,42,20833.33,CUDDAPAH,ANDHRA PRADESH,516310,No Top-up Service
22252,Quatrly,Arrear,Closed,ECS Reject,38,NELLORE,36,620000,402879,402879,43865,29-01-2016,10-01-2019,30-01-2016,18840055,1046,29587,64.98,M,43,25000,CUDDAPAH,ANDHRA PRADESH,516268,No Top-up Service
22254,Quatrly,Arrear,Closed,ECS,38,NELLORE,36,609000,506020,506020,55413,28-04-2016,10-04-2019,29-04-2016,20022969,1046,29587,73.99,M,48,33333.33,CUDDAPAH,ANDHRA PRADESH,516259,No Top-up Service
22255,Monthly,Arrear,Closed,ECS,38,NELLORE,36,619000,450000,450000,15670,29-04-2016,10-05-2019,29-04-2016,20034302,1046,29587,70.17,M,68,50000,CUDDAPAH,ANDHRA PRADESH,516108,36-48 Months
22256,Quatrly,Arrear,Closed,Direct Debit,38,NELLORE,36,619000,483739,483739,54109,05-05-2016,10-05-2019,05-05-2016,20114410,1046,29587,69.41,M,44,25000,CUDDAPAH,ANDHRA PRADESH,516269,No Top-up Service
22257,Quatrly,Arrear,Closed,ECS,38,NELLORE,36,619000,425057,425057,45220,05-05-2016,10-04-2019,05-05-2016,20114801,1046,29587,61.36,M,48,33333.33,CUDDAPAH,ANDHRA PRADESH,516105,24-30 Months
22258,Quatrly,Arrear,Closed,ECS,38,NELLORE,36,619000,506625,506625,54669,18-05-2016,10-05-2019,18-05-2016,20279074,1046,29587,81.85,M,49,41666.67,CUDDAPAH,ANDHRA PRADESH,516003,36-48 Months
22259,Monthly,Arrear,Closed,Direct Debit,38,NELLORE,36,664000,450000,450000,16029,19-05-2016,10-05-2019,19-05-2016,20291213,1046,29587,65.36,M,38,25000,CUDDAPAH,ANDHRA PRADESH,516126,No Top-up Service
22260,Quatrly,Arrear,Closed,Direct Debit,38,NELLORE,36,609000,499238,499238,54645,25-05-2016,10-05-2019,25-05-2016,20367338,1046,29587,81.98,M,55,37500,CUDDAPAH,ANDHRA PRADESH,516257,No Top-up Service
22261,Quatrly,Arrear,Closed,ECS,38,NELLORE,36,664000,451567,451567,46873,28-05-2016,10-05-2019,28-05-2016,20398601,1046,29587,60.95,M,25,25000,CUDDAPAH,ANDHRA PRADESH,516175,No Top-up Service
22262,Quatrly,Arrear,Closed,Direct Debit,38,NELLORE,36,664000,351271,351271,36821,28-05-2016,10-04-2019,28-05-2016,20408089,1046,29587,47.36,M,27,45833.33,CUDDAPAH,ANDHRA PRADESH,516355,36-48 Months
22265,Quatrly,Advance,Closed,ECS,38,NELLORE,39,609000,400000,400000,4500,21-06-2016,10-05-2019,21-06-2016,20709382,1046,29587,64.94,M,51,83333.33,CUDDAPAH,ANDHRA PRADESH,516359,36-48 Months
22266,Quatrly,Advance,Closed,SI Reject,38,NELLORE,33,664000,452357,452357,4500,21-06-2016,10-11-2018,21-06-2016,20711426,1046,29587,67.45,M,39,83333.33,CUDDAPAH,ANDHRA PRADESH,516360,No Top-up Service
22267,Quatrly,Arrear,Closed,Direct Debit,38,NELLORE,24,609000,401071,401071,59120,22-06-2016,10-05-2018,22-06-2016,20721440,1046,29587,56.15,F,29,83333.33,CUDDAPAH,ANDHRA PRADESH,516127,36-48 Months
22268,Quatrly,Arrear,Closed,SI Reject,38,NELLORE,36,619000,320000,320000,33878,28-06-2016,10-06-2019,28-06-2016,20800088,1046,29587,46.22,M,44,50000,CUDDAPAH,ANDHRA PRADESH,516268,No Top-up Service
22269,Quatrly,Arrear,Closed,ECS,38,NELLORE,36,664000,450000,450000,44849,30-06-2016,10-05-2019,30-06-2016,20826730,1046,29587,67.77,M,68,50000,CUDDAPAH,ANDHRA PRADESH,516110,No Top-up Service
22270,Quatrly,Arrear,Closed,ECS,38,NELLORE,36,619000,441534,441534,45022,26-07-2016,10-06-2019,26-07-2016,21154442,1046,29587,64.06,M,29,101666.67,CUDDAPAH,ANDHRA PRADESH,516126,36-48 Months
22272,Quatrly,Arrear,Closed,Direct Debit,38,NELLORE,48,619000,480000,480000,43768,30-07-2016,10-06-2020,30-07-2016,21206828,1046,29587,77.54,M,60,50000,CUDDAPAH,ANDHRA PRADESH,516215,No Top-up Service
22273,Quatrly,Arrear,Active,Direct Debit,38,NELLORE,36,669000,451814,451814,48040,31-07-2016,05-08-2019,31-07-2016,21260019,1046,29587,60.35,M,34,41666.67,CUDDAPAH,ANDHRA PRADESH,516339,18-24 Months
22274,Quatrly,Arrear,Closed,ECS,38,NELLORE,36,635000,406389,406389,41413,12-08-2016,10-07-2019,12-08-2016,21374076,1060,67904,64,M,51,50000,CUDDAPAH,ANDHRA PRADESH,516003,36-48 Months
22275,Quatrly,Arrear,Active,ECS,38,NELLORE,30,675000,301102,301102,35646,31-08-2016,10-01-2019,31-08-2016,21641613,1187,89813,44.61,M,29,50000,CUDDAPAH,ANDHRA PRADESH,516233,36-48 Months
22276,Quatrly,Arrear,Active,Direct Debit,38,NELLORE,36,664000,451501,451501,47364,20-09-2016,10-08-2019,20-09-2016,21884432,1046,29587,68,M,23,96000,CUDDAPAH,ANDHRA PRADESH,516107,30-36 Months
22277,Monthly,Arrear,Closed,ECS,38,NELLORE,24,609000,250000,250000,11873,21-09-2016,10-09-2018,21-09-2016,21899480,1046,29587,39.1,M,47,50000,CUDDAPAH,ANDHRA PRADESH,516108,No Top-up Service
22278,Quatrly,Arrear,Closed,ECS,38,NELLORE,36,609000,500000,500000,54163,27-09-2016,10-09-2019,27-09-2016,21959422,1046,29587,82.1,M,59,50000,CUDDAPAH,ANDHRA PRADESH,516128,30-36 Months
22279,Half Yearly,Arrear,Closed,ECS,38,NELLORE,36,685000,431579,431579,88702,30-09-2016,10-06-2019,30-09-2016,22008463,1187,89813,50.06,M,29,50000,CUDDAPAH,ANDHRA PRADESH,516310,No Top-up Service
22280,Half Yearly,Arrear,Closed,ECS,38,NELLORE,36,630000,421615,421615,88595,30-09-2016,10-08-2019,30-09-2016,22075936,1060,126178,52.86,M,32,41666.67,CUDDAPAH,ANDHRA PRADESH,516359,24-30 Months
22281,Half Yearly,Arrear,Closed,ECS,38,NELLORE,36,610000,360000,360000,77075,01-10-2016,10-09-2019,01-10-2016,22101324,1060,126178,59.02,F,57,41666.67,CUDDAPAH,ANDHRA PRADESH,516175,No Top-up Service
22282,Monthly,Arrear,Closed,Direct Debit,38,NELLORE,30,664000,351939,351939,13794,18-10-2016,10-04-2019,18-10-2016,22238297,1046,29587,50.93,M,40,50000,CUDDAPAH,ANDHRA PRADESH,516110,No Top-up Service
22283,Quatrly,Arrear,Closed,ECS,38,NELLORE,36,700000,463599,463599,47870,19-10-2016,10-09-2019,19-10-2016,22253343,1187,89813,59.39,M,45,51666.67,CUDDAPAH,ANDHRA PRADESH,516218,30-36 Months
22284,Quatrly,Arrear,Closed,ECS,38,NELLORE,24,664000,350000,350000,50124,20-10-2016,10-10-2018,20-10-2016,22265384,1046,29587,45.16,F,56,50000,CUDDAPAH,ANDHRA PRADESH,516127,No Top-up Service
22285,Quatrly,Arrear,Closed,ECS,38,NELLORE,36,810000,570000,570000,59280,24-10-2016,10-09-2019,24-10-2016,22313513,1187,89813,63.05,M,50,83333.33,CUDDAPAH,ANDHRA PRADESH,516227,No Top-up Service
22286,Quatrly,Arrear,Active,ECS,38,NELLORE,36,609000,401381,401381,40850,31-10-2016,10-09-2019,31-10-2016,22396873,1046,29587,65.91,M,25,54166.67,CUDDAPAH,ANDHRA PRADESH,516360,18-24 Months
22287,Half Yearly,Arrear,Closed,ECS,38,NELLORE,48,595000,443047,443047,72532,31-10-2016,10-07-2020,31-10-2016,22421030,1187,89813,62.27,M,39,50000,CUDDAPAH,ANDHRA PRADESH,516175,30-36 Months
22288,Quatrly,Arrear,Closed,Direct Debit,38,NELLORE,24,710000,200737,200737,29000,31-10-2016,05-10-2018,31-10-2016,22450507,1187,89813,24.19,M,39,50000,CUDDAPAH,ANDHRA PRADESH,516126,No Top-up Service
22289,Quatrly,Arrear,Closed,Direct Debit,38,NELLORE,12,664000,300000,300000,80929,01-12-2016,10-10-2017,01-12-2016,22825722,1046,29587,32.99,M,32,50000,CUDDAPAH,ANDHRA PRADESH,516128,24-30 Months
22290,Half Yearly,Arrear,Closed,Direct Debit,38,NELLORE,36,610000,436282,436282,89272,01-12-2016,10-08-2019,01-12-2016,22827660,1187,89813,56.89,F,51,50000,CUDDAPAH,ANDHRA PRADESH,516175,No Top-up Service
22291,Quatrly,Arrear,Closed,Direct Debit,38,NELLORE,36,1076000,402346,402346,41204,07-12-2016,05-10-2019,07-12-2016,22877486,1187,89813,37.39,M,41,50000,CUDDAPAH,ANDHRA PRADESH,516126,No Top-up Service
22292,Quatrly,Arrear,Active,ECS,38,NELLORE,36,664000,451767,451767,47200,31-01-2017,10-01-2020,31-01-2017,23575938,1046,29587,60.93,M,32,105916.67,CUDDAPAH,ANDHRA PRADESH,516126,30-36 Months
22293,Quatrly,Arrear,Closed,ECS,38,NELLORE,12,664000,301018,301018,81660,31-01-2017,10-01-2018,31-01-2017,23596734,1046,29587,33.04,F,36,41666.67,CUDDAPAH,ANDHRA PRADESH,516311,30-36 Months
22294,Half Yearly,Arrear,Closed,Direct Debit,38,NELLORE,48,600000,462036,462036,76600,31-01-2017,10-11-2020,31-01-2017,23618899,1187,89813,64.24,M,24,50000,CUDDAPAH,ANDHRA PRADESH,516432,No Top-up Service
22295,Monthly,Arrear,Closed,Direct Debit,38,NELLORE,36,1050000,560000,560000,19960,13-02-2017,05-02-2020,13-02-2017,23740522,1046,29587,51.43,M,64,41666.67,CUDDAPAH,ANDHRA PRADESH,516218,No Top-up Service
22296,Quatrly,Arrear,Closed,Direct Debit,38,NELLORE,36,664000,462409,462409,48314,15-02-2017,05-02-2020,15-02-2017,23754961,1046,29587,62.36,M,38,41666.67,CUDDAPAH,ANDHRA PRADESH,516233,No Top-up Service
22297,Quatrly,Arrear,Closed,Direct Debit,38,NELLORE,36,664000,466826,466826,48100,28-02-2017,10-02-2020,28-02-2017,23946997,1046,29587,63.06,M,32,50000,CUDDAPAH,ANDHRA PRADESH,516107,No Top-up Service
22298,Quatrly,Arrear,Closed,Direct Debit,38,NELLORE,24,690000,250724,250724,36300,28-02-2017,10-02-2019,28-02-2017,23950365,1187,89813,36.34,F,33,50000,CUDDAPAH,ANDHRA PRADESH,516310,No Top-up Service
22299,Half Yearly,Arrear,Active,ECS,38,NELLORE,48,540000,453768,453768,79840,20-03-2017,10-01-2021,20-03-2017,24193792,1046,29587,84.03,M,41,41666.67,CUDDAPAH,ANDHRA PRADESH,516359,No Top-up Service
22300,Quatrly,Arrear,Closed,Direct Debit,38,NELLORE,24,609000,300000,300000,43755,28-03-2017,10-03-2019,28-03-2017,24285637,1046,29587,49.26,M,62,41666.67,CUDDAPAH,ANDHRA PRADESH,516172,No Top-up Service
22301,Quatrly,Arrear,Closed,Direct Debit,38,NELLORE,39,664000,520000,520000,57490,28-03-2017,10-07-2020,28-03-2017,24295986,1046,29587,78.31,M,55,41666.67,CUDDAPAH,ANDHRA PRADESH,516172,No Top-up Service
22303,Monthly,Arrear,Closed,Direct Debit,38,NELLORE,30,664000,450000,450000,17900,30-06-2017,10-12-2019,30-06-2017,25498252,1046,29587,67.77,F,52,41666.67,CUDDAPAH,ANDHRA PRADESH,516309,No Top-up Service
22304,Quatrly,Arrear,Closed,ECS,38,NELLORE,41,630000,463693,463693,50036,27-07-2017,10-01-2021,27-07-2017,25840018,1187,89813,65.66,M,45,41666.67,CUDDAPAH,ANDHRA PRADESH,516126,No Top-up Service
22305,Monthly,Arrear,Closed,ECS,38,NELLORE,24,585000,431497,431497,20830,29-08-2017,10-08-2019,29-08-2017,26265096,1046,29587,70.2,M,37,41666.67,CUDDAPAH,ANDHRA PRADESH,516003,24-30 Months
22306,Half Yearly,Arrear,Closed,ECS,38,NELLORE,36,660000,301145,301145,61845,31-08-2017,10-05-2020,31-08-2017,26305835,1187,89813,45.63,M,29,41666.67,CUDDAPAH,ANDHRA PRADESH,516359,No Top-up Service
22307,Quatrly,Arrear,Closed,ECS,38,NELLORE,24,614000,301259,301259,43630,31-08-2017,05-08-2019,31-08-2017,26343863,1046,29587,41.96,M,41,41666.67,CUDDAPAH,ANDHRA PRADESH,516162,No Top-up Service
22308,Half Yearly,Arrear,Closed,Direct Debit,38,NELLORE,36,550000,398025,398025,82170,31-08-2017,05-06-2020,31-08-2017,26355856,1187,89813,72.37,M,37,50000,CUDDAPAH,ANDHRA PRADESH,516359,No Top-up Service
22309,Half Yearly,Arrear,Active,Direct Debit,38,NELLORE,48,630000,482483,482483,79660,31-08-2017,05-06-2021,31-08-2017,26363298,1046,29587,76.58,M,54,41666.67,CUDDAPAH,ANDHRA PRADESH,516360,No Top-up Service
22310,Quatrly,Arrear,Closed,Direct Debit,38,NELLORE,24,576666,451695,451695,66575,07-09-2017,10-08-2019,07-09-2017,26383164,1187,89813,66.78,M,28,41666.67,CUDDAPAH,ANDHRA PRADESH,516268,No Top-up Service
22311,Half Yearly,Arrear,Closed,Direct Debit,38,NELLORE,36,620746,422257,422257,87425,11-09-2017,05-06-2020,11-09-2017,26432955,1046,29587,68.02,F,38,71666.67,CUDDAPAH,ANDHRA PRADESH,516163,30-36 Months
22312,Quatrly,Arrear,Closed,Direct Debit,38,NELLORE,24,620746,401588,401588,58465,11-09-2017,10-08-2019,11-09-2017,26432956,1046,29587,64.69,M,42,49708.33,CUDDAPAH,ANDHRA PRADESH,516203,24-30 Months
22313,Half Yearly,Arrear,Closed,Direct Debit,38,NELLORE,36,620746,301162,301162,62400,11-09-2017,05-06-2020,11-09-2017,26432856,1046,29587,48.52,M,31,41666.67,CUDDAPAH,ANDHRA PRADESH,516360,No Top-up Service
22314,Quatrly,Arrear,Closed,Direct Debit,38,NELLORE,36,561736,416720,416720,44478,11-09-2017,10-09-2020,11-09-2017,26432957,1046,29587,74.18,M,52,41666.67,CUDDAPAH,ANDHRA PRADESH,516269,No Top-up Service
